BrandName,ProductName,ProductMRP,ProductSellingPrice,ProductRating,ProductRatingCount,Category,CategoryByGender
THE ORDINARY,Glycolic Acid 7% Toner - 240ml,0,0,4.7,139,Skincare,Women
Ponds,Youthful Miracle Day Cream,Rs. 899,Rs. 404,4.5,6.4k,Skincare,Women
deconstruct,Gel Sunscreen-SPF 55+ 50g,Rs. 349,Rs. 314,4.5,28.3k,Skincare,Women
Plum,Niacinamide Toner 150 ml,Rs. 440,Rs. 369,4.5,49.9k,Skincare,Women
CeraVe,Moisturizing Cream - 454 g,Rs. 1800,Rs. 1620,4.6,183,Skincare,Women
Nivea,Set of 2 Lip Balm,Rs. 350,Rs. 185,4.6,3.3k,Skincare,Women
Nivea,Dry Skin Body Lotion 400 ml,Rs. 550,Rs. 264,4.6,33.9k,Skincare,Women
Olay,Retinol24 Max Night Cream 50g,Rs. 2199,Rs. 945,4.6,345,Skincare,Women
Dabur,Set of 3 Gulabari Rose Water,Rs. 405,Rs. 222,4.6,5.6k,Skincare,Women
Chemist at Play,Skin Brightening Roll On,Rs. 349,Rs. 314,4.3,2k,Skincare,Women
Olay,Retinol 24 Night Cream 50g,Rs. 1999,Rs. 839,4.6,3.4k,Skincare,Women
DOT & KEY,Vitamin C+E Sunscreen- SPF 50,Rs. 445,Rs. 387,4.5,26.6k,Skincare,Women
FoxTale,Brightening SPF 50 Sunscreen,Rs. 349,Rs. 279,4.5,8.8k,Skincare,Women
THE ORDINARY,Saccharomyces Milky Toner,0,0,0,0,Skincare,Women
Lakme,Sun Expert UV Lotion,Rs. 625,Rs. 393,4.4,16.2k,Skincare,Women
Minimalist,SPF 50 PA++++ Sunscreen,Rs. 399,Rs. 379,4.4,39.8k,Skincare,Women
Olay,Natural Aura Day Cream 40g,Rs. 199,Rs. 159,4.5,10.3k,Skincare,Women
Vaseline,Aloe Fresh Body Lotion 400 ml,Rs. 540,Rs. 351,4.5,6.3k,Skincare,Women
SunScoop,Niacinamide Sunscreen - 45 ml,Rs. 449,Rs. 318,4.6,316,Skincare,Women
Lakme,Women Brightening Creme 50 g,Rs. 399,Rs. 175,4.4,26.5k,Skincare,Women
Nivea,SPF 15 Body Lotion - 400 ml,Rs. 550,Rs. 302,4.5,18.2k,Skincare,Women
Plum,BodyLovin Body Lotion - 400 ml,Rs. 475,Rs. 356,4.7,5.2k,Skincare,Women
THE ORDINARY,Multi-Active Delivery Essence,0,0,0,0,Skincare,Women
DOT & KEY,Watermelon Sunscreen SPF50,Rs. 445,Rs. 387,4.5,15.2k,Skincare,Women
Ponds,Oil-Free Super Light Gel,Rs. 780,Rs. 288,4.7,5.7k,Skincare,Women
Chemist at Play,Daily Exfoliating Body Wash,Rs. 399,Rs. 339,4.6,12.9k,Skincare,Women
Vaseline,Cocoa Glow Body Lotion 600 ml,Rs. 760,Rs. 311,4.6,10.3k,Skincare,Women
Hyphen,All I Need SPF 50 Sunscreen,Rs. 449,Rs. 422,4.4,3.5k,Skincare,Women
Lakme,Sun Expert Tint Hint Sunscreen,Rs. 625,Rs. 262,4.5,15.1k,Skincare,Women
Chemist at Play,Bright Boost SPF Body Lotion,Rs. 549,Rs. 450,4.8,12,Skincare,Women
DOT & KEY,Skin Care Watermelon Sunscreen,Rs. 595,Rs. 499,4.6,4.9k,Skincare,Women
Olay,Super Collagen-Peptides Cream,Rs. 1999,Rs. 999,4.8,175,Skincare,Women
WishCare,Niacinamide Fluid Sunscreen,Rs. 499,Rs. 399,4.6,4.7k,Skincare,Women
Vaseline,Healthy Bright Body Lotion,Rs. 540,Rs. 226,4.5,14.3k,Skincare,Women
Olay,7 In One Day Cream SPF 15 50g,Rs. 949,Rs. 474,4.6,8k,Skincare,Women
Blue Heaven,Jelly & Butter Lip Balm- 3.2 g,Rs. 200,Rs. 134,4.5,11.8k,Skincare,Women
DR. SHETHS,SPF 50+ Sunscreen,Rs. 499,Rs. 439,4.5,6.6k,Skincare,Women
M.A.C,Mini Strobe Cream - Pinklite,0,0,4.6,3.9k,Skincare,Women
DOT & KEY,Barrier Repair Sunscreen,Rs. 445,Rs. 387,4.6,5.1k,Skincare,Women
DOT & KEY,Strawberry Dew Sunscreen - 02,Rs. 549,Rs. 488,4.6,1.4k,Skincare,Women
Dabur,Set of 3 Gulabari Rose Water,Rs. 510,Rs. 234,4.5,977,Skincare,Women
The Derma co.,1% Hyaluronic Sunscreen 30g,Rs. 299,Rs. 284,4.4,9.1k,Skincare,Women
Nivea,Lip Balm Blackberry Shine 4.8g,Rs. 260,Rs. 145,4.6,16.7k,Skincare,Women
Olay,Total Effects Night Cream 50g,Rs. 949,Rs. 474,4.6,2.5k,Skincare,Women
MCaffeine,Escape Perfume Body Lotion,Rs. 499,Rs. 299,4.5,1.8k,Skincare,Women
Dermatouch,Multivitamin SPF50 Sunscreen,Rs. 299,Rs. 209,4.4,832,Skincare,Women
CeraVe,Oil Control Moisturizer -52 ml,Rs. 1200,Rs. 1020,4.6,137,Skincare,Women
Vaseline,Intensive Care Body Lotion,Rs. 685,Rs. 376,4.6,17.9k,Skincare,Women
The Derma co.,1% Hyaluronic Sunscreen Gel,Rs. 499,Rs. 399,4.3,251,Skincare,Women
Lakme,Skin Lightening Light Creme,Rs. 575,Rs. 258,4.4,7.3k,Skincare,Women
